{
  "Curves": [
    {
      "Id": "Param7",
      "Segments": [
        0.0,
        0.0,
        1,
        0.1466666652,
        0.0,
        0.2933333348,
        10.0,
        0.44,
        10.0,
        1,
        0.6799999976,
        10.0,
        0.9200000023999999,
        -10.0,
        1.16,
        -10.0,
        1,
        1.293333332,
        -10.0,
        1.426666668,
        10.0,
        1.56,
        10.0,
        1,
        1.7733333312000001,
        10.0,
        1.9866666688,
        -10.0,
        2.2,
        -10.0,
        0,
        2.4,
        -10.0
      ],
      "Target": "Parameter"
    },
    {
      "Id": "Param6",
      "Segments": [
        0.0,
        0.0,
        0,
        0.36,
        30.0,
        0,
        1.88,
        30.0,
        0,
        2.2,
        0.0,
        0,
        2.4,
        0.0
      ],
      "Target": "Parameter"
    }
  ],
  "Meta": {
    "AreBeziersRestricted": false,
    "CurveCount": 2,
    "Duration": 2.4,
    "Fps": 25.0,
    "Loop": false,
    "TotalPointCount": 19,
    "TotalSegmentCount": 9,
    "TotalUserDataSize": 0,
    "UserDataCount": 0
  },
  "Version": 3
}